"log_id","action_id","message","log_date_gmt","log_date_local"
"1","11","action created","2023-11-03 04:17:01","2023-11-03 04:17:01"
"2","12","action created","2023-11-03 04:17:02","2023-11-03 04:17:02"
"3","11","action started via WP Cron","2023-11-03 04:17:02","2023-11-03 04:17:02"
"4","13","action created","2023-11-03 04:17:03","2023-11-03 04:17:03"
"5","11","action complete via WP Cron","2023-11-03 04:17:03","2023-11-03 04:17:03"
"6","13","action started via WP Cron","2023-11-03 04:17:03","2023-11-03 04:17:03"
"7","13","action complete via WP Cron","2023-11-03 04:17:03","2023-11-03 04:17:03"
"8","14","action created","2023-11-03 04:17:03","2023-11-03 04:17:03"
"9","12","action started via Async Request","2023-11-03 04:18:06","2023-11-03 04:18:06"
"10","12","action complete via Async Request","2023-11-03 04:18:06","2023-11-03 04:18:06"
"11","15","action created","2023-11-03 04:20:29","2023-11-03 04:20:29"
"12","15","action started via WP Cron","2023-11-03 04:21:13","2023-11-03 04:21:13"
"13","15","action failed via WP Cron: Scheduled action for woocommerce_admin/stored_state_setup_for_products/async/run_remote_notifications will not be executed as no callbacks are registered.","2023-11-03 04:21:13","2023-11-03 04:21:13"
"14","16","action created","2023-11-03 19:23:27","2023-11-03 19:23:27"
"15","16","action started via WP Cron","2023-11-03 19:24:03","2023-11-03 19:24:03"
"16","16","action complete via WP Cron","2023-11-03 19:24:03","2023-11-03 19:24:03"
"17","17","action created","2023-11-03 19:28:29","2023-11-03 19:28:29"
"18","17","action started via WP Cron","2023-11-03 19:28:57","2023-11-03 19:28:57"
"19","17","action complete via WP Cron","2023-11-03 19:28:57","2023-11-03 19:28:57"
"20","18","action created","2023-11-03 21:01:44","2023-11-03 21:01:44"
"21","18","action started via WP Cron","2023-11-03 21:02:05","2023-11-03 21:02:05"
"22","18","action complete via WP Cron","2023-11-03 21:02:05","2023-11-03 21:02:05"
"23","19","action created","2023-11-03 21:02:48","2023-11-03 21:02:48"
"24","19","action started via WP Cron","2023-11-03 21:03:28","2023-11-03 21:03:28"
"25","19","action complete via WP Cron","2023-11-03 21:03:28","2023-11-03 21:03:28"
"26","20","action created","2023-11-03 21:03:55","2023-11-03 21:03:55"
"27","20","action started via WP Cron","2023-11-03 21:04:00","2023-11-03 21:04:00"
"28","20","action complete via WP Cron","2023-11-03 21:04:00","2023-11-03 21:04:00"
"29","21","action created","2023-11-03 21:11:06","2023-11-03 21:11:06"
"30","21","action started via WP Cron","2023-11-03 21:11:18","2023-11-03 21:11:18"
"31","21","action complete via WP Cron","2023-11-03 21:11:18","2023-11-03 21:11:18"
"32","22","action created","2023-11-03 21:19:17","2023-11-03 21:19:17"
"33","22","action started via WP Cron","2023-11-03 21:19:17","2023-11-03 21:19:17"
"34","22","action complete via WP Cron","2023-11-03 21:19:17","2023-11-03 21:19:17"
"35","23","action created","2023-11-03 21:20:28","2023-11-03 21:20:28"
"36","23","action started via WP Cron","2023-11-03 21:21:17","2023-11-03 21:21:17"
"37","23","action complete via WP Cron","2023-11-03 21:21:17","2023-11-03 21:21:17"
"38","24","action created","2023-11-03 21:21:17","2023-11-03 21:21:17"
"39","24","action started via Async Request","2023-11-03 21:21:45","2023-11-03 21:21:45"
"40","24","action complete via Async Request","2023-11-03 21:21:45","2023-11-03 21:21:45"
"41","25","action created","2023-11-03 21:34:48","2023-11-03 21:34:48"
"42","25","action started via WP Cron","2023-11-03 21:35:52","2023-11-03 21:35:52"
"43","25","action complete via WP Cron","2023-11-03 21:35:52","2023-11-03 21:35:52"
"44","26","action created","2023-11-03 22:31:46","2023-11-03 22:31:46"
"45","26","action started via WP Cron","2023-11-03 22:32:20","2023-11-03 22:32:20"
"46","26","action complete via WP Cron","2023-11-03 22:32:20","2023-11-03 22:32:20"
"47","27","action created","2023-11-03 22:47:14","2023-11-03 22:47:14"
"48","27","action started via WP Cron","2023-11-03 22:47:19","2023-11-03 22:47:19"
"49","27","action complete via WP Cron","2023-11-03 22:47:19","2023-11-03 22:47:19"
"50","28","action created","2023-11-03 22:47:41","2023-11-03 22:47:41"
"51","28","action started via WP Cron","2023-11-03 22:48:17","2023-11-03 22:48:17"
"52","28","action complete via WP Cron","2023-11-03 22:48:17","2023-11-03 22:48:17"
"53","29","action created","2023-11-03 22:48:17","2023-11-03 22:48:17"
"54","29","action started via Async Request","2023-11-03 22:48:54","2023-11-03 22:48:54"
"55","29","action complete via Async Request","2023-11-03 22:48:54","2023-11-03 22:48:54"
"56","30","action created","2023-11-03 22:49:26","2023-11-03 22:49:26"
"57","30","action started via Async Request","2023-11-03 22:50:01","2023-11-03 22:50:01"
"58","30","action complete via Async Request","2023-11-03 22:50:01","2023-11-03 22:50:01"
"59","31","action created","2023-11-03 22:50:36","2023-11-03 22:50:36"
"60","31","action started via Async Request","2023-11-03 22:51:10","2023-11-03 22:51:10"
"61","31","action complete via Async Request","2023-11-03 22:51:10","2023-11-03 22:51:10"
"62","32","action created","2023-11-03 22:51:46","2023-11-03 22:51:46"
"63","32","action started via WP Cron","2023-11-03 22:52:52","2023-11-03 22:52:52"
"64","32","action complete via WP Cron","2023-11-03 22:52:52","2023-11-03 22:52:52"
"65","33","action created","2023-11-03 22:52:59","2023-11-03 22:52:59"
"66","33","action started via WP Cron","2023-11-03 22:53:22","2023-11-03 22:53:22"
"67","33","action complete via WP Cron","2023-11-03 22:53:22","2023-11-03 22:53:22"
"68","34","action created","2023-11-03 23:01:54","2023-11-03 23:01:54"
"69","35","action created","2023-11-03 23:01:54","2023-11-03 23:01:54"
"70","36","action created","2023-11-03 23:01:54","2023-11-03 23:01:54"
"71","37","action created","2023-11-03 23:01:54","2023-11-03 23:01:54"
"72","38","action created","2023-11-03 23:01:55","2023-11-03 23:01:55"
"73","39","action created","2023-11-03 23:01:55","2023-11-03 23:01:55"
"74","40","action created","2023-11-03 23:01:55","2023-11-03 23:01:55"
"75","41","action created","2023-11-03 23:01:55","2023-11-03 23:01:55"
"76","34","action started via WP Cron","2023-11-03 23:04:49","2023-11-03 23:04:49"
"77","34","action complete via WP Cron","2023-11-03 23:04:49","2023-11-03 23:04:49"
"78","35","action started via Async Request","2023-11-03 23:04:51","2023-11-03 23:04:51"
"79","35","action complete via Async Request","2023-11-03 23:04:51","2023-11-03 23:04:51"
"80","36","action started via Async Request","2023-11-03 23:04:51","2023-11-03 23:04:51"
"81","36","action complete via Async Request","2023-11-03 23:04:51","2023-11-03 23:04:51"
"82","37","action started via Async Request","2023-11-03 23:04:51","2023-11-03 23:04:51"
"83","37","action complete via Async Request","2023-11-03 23:04:51","2023-11-03 23:04:51"
"84","38","action started via Async Request","2023-11-03 23:04:51","2023-11-03 23:04:51"
"85","38","action complete via Async Request","2023-11-03 23:04:51","2023-11-03 23:04:51"
"86","39","action started via Async Request","2023-11-03 23:04:51","2023-11-03 23:04:51"
"87","39","action complete via Async Request","2023-11-03 23:04:51","2023-11-03 23:04:51"
"88","40","action started via Async Request","2023-11-03 23:04:51","2023-11-03 23:04:51"
"89","40","action complete via Async Request","2023-11-03 23:04:51","2023-11-03 23:04:51"
"90","41","action started via Async Request","2023-11-03 23:04:51","2023-11-03 23:04:51"
"91","41","action complete via Async Request","2023-11-03 23:04:51","2023-11-03 23:04:51"
"92","42","action created","2023-11-03 23:24:29","2023-11-03 23:24:29"
"93","42","action started via WP Cron","2023-11-03 23:25:17","2023-11-03 23:25:17"
"94","42","action complete via WP Cron","2023-11-03 23:25:17","2023-11-03 23:25:17"
"95","43","action created","2023-11-03 23:30:11","2023-11-03 23:30:11"
"96","43","action started via WP Cron","2023-11-03 23:30:17","2023-11-03 23:30:17"
"97","43","action complete via WP Cron","2023-11-03 23:30:17","2023-11-03 23:30:17"
"98","14","action started via WP Cron","2023-11-04 04:29:29","2023-11-04 04:29:29"
"99","14","action complete via WP Cron","2023-11-04 04:29:29","2023-11-04 04:29:29"
"100","44","action created","2023-11-04 04:29:29","2023-11-04 04:29:29"
